[
    {
        "name": "Tokyo",
        "country": "Japan",
        "latitude": 35.6762,
        "longitude": 139.6503,
        "timezone": "Asia/Tokyo"
    },
    {
        "name": "Delhi",
        "country": "India",
        "latitude": 28.7041,
        "longitude": 77.1025,
        "timezone": "Asia/Kolkata"
    },
    {
        "name": "Shanghai",
        "country": "China",
        "latitude": 31.2304,
        "longitude": 121.4737,
        "timezone": "Asia/Shanghai"
    },
    {
        "name": "São Paulo",
        "country": "Brazil",
        "latitude": -23.5505,
        "longitude": -46.6333,
        "timezone": "America/Sao_Paulo"
    },
    {
        "name": "Mexico City",
        "country": "Mexico",
        "latitude": 19.4326,
        "longitude": -99.1332,
        "timezone": "America/Mexico_City"
    },
    {
        "name": "Cairo",
        "country": "Egypt",
        "latitude": 30.0444,
        "longitude": 31.2357,
        "timezone": "Africa/Cairo"
    },
    {
        "name": "Mumbai",
        "country": "India",
        "latitude": 19.0760,
        "longitude": 72.8777,
        "timezone": "Asia/Kolkata"
    },
    {
        "name": "Beijing",
        "country": "China",
        "latitude": 39.9042,
        "longitude": 116.4074,
        "timezone": "Asia/Shanghai"
    },
    {
        "name": "Dhaka",
        "country": "Bangladesh",
        "latitude": 23.8103,
        "longitude": 90.4125,
        "timezone": "Asia/Dhaka"
    },
    {
        "name": "Osaka",
        "country": "Japan",
        "latitude": 34.6937,
        "longitude": 135.5023,
        "timezone": "Asia/Tokyo"
    },
    {
        "name": "New York",
        "country": "USA",
        "latitude": 40.7128,
        "longitude": -74.0060,
        "timezone": "America/New_York"
    },
    {
        "name": "Karachi",
        "country": "Pakistan",
        "latitude": 24.8607,
        "longitude": 67.0011,
        "timezone": "Asia/Karachi"
    },
    {
        "name": "Buenos Aires",
        "country": "Argentina",
        "latitude": -34.6037,
        "longitude": -58.3816,
        "timezone": "America/Argentina/Buenos_Aires"
    },
    {
        "name": "Chongqing",
        "country": "China",
        "latitude": 29.4316,
        "longitude": 106.9123,
        "timezone": "Asia/Shanghai"
    },
    {
        "name": "Istanbul",
        "country": "Turkey",
        "latitude": 41.0082,
        "longitude": 28.9784,
        "timezone": "Europe/Istanbul"
    },
    {
        "name": "Kolkata",
        "country": "India",
        "latitude": 22.5726,
        "longitude": 88.3639,
        "timezone": "Asia/Kolkata"
    },
    {
        "name": "Manila",
        "country": "Philippines",
        "latitude": 14.5995,
        "longitude": 120.9842,
        "timezone": "Asia/Manila"
    },
    {
        "name": "Lagos",
        "country": "Nigeria",
        "latitude": 6.5244,
        "longitude": 3.3792,
        "timezone": "Africa/Lagos"
    },
    {
        "name": "Rio de Janeiro",
        "country": "Brazil",
        "latitude": -22.9068,
        "longitude": -43.1729,
        "timezone": "America/Sao_Paulo"
    },
    {
        "name": "Tianjin",
        "country": "China",
        "latitude": 39.0842,
        "longitude": 117.2008,
        "timezone": "Asia/Shanghai"
    },
    {
        "name": "Kinshasa",
        "country": "DR Congo",
        "latitude": -4.4419,
        "longitude": 15.2663,
        "timezone": "Africa/Kinshasa"
    },
    {
        "name": "Guangzhou",
        "country": "China",
        "latitude": 23.1291,
        "longitude": 113.2644,
        "timezone": "Asia/Shanghai"
    },
    {
        "name": "Los Angeles",
        "country": "USA",
        "latitude": 34.0522,
        "longitude": -118.2437,
        "timezone": "America/Los_Angeles"
    },
    {
        "name": "Moscow",
        "country": "Russia",
        "latitude": 55.7558,
        "longitude": 37.6173,
        "timezone": "Europe/Moscow"
    },
    {
        "name": "Shenzhen",
        "country": "China",
        "latitude": 22.5431,
        "longitude": 114.0579,
        "timezone": "Asia/Shanghai"
    },
    {
        "name": "Lahore",
        "country": "Pakistan",
        "latitude": 31.5204,
        "longitude": 74.3587,
        "timezone": "Asia/Karachi"
    },
    {
        "name": "Bangalore",
        "country": "India",
        "latitude": 12.9716,
        "longitude": 77.5946,
        "timezone": "Asia/Kolkata"
    },
    {
        "name": "Paris",
        "country": "France",
        "latitude": 48.8566,
        "longitude": 2.3522,
        "timezone": "Europe/Paris"
    },
    {
        "name": "Bogotá",
        "country": "Colombia",
        "latitude": 4.7110,
        "longitude": -74.0721,
        "timezone": "America/Bogota"
    },
    {
        "name": "Jakarta",
        "country": "Indonesia",
        "latitude": -6.2088,
        "longitude": 106.8456,
        "timezone": "Asia/Jakarta"
    },
    {
        "name": "Chennai",
        "country": "India",
        "latitude": 13.0827,
        "longitude": 80.2707,
        "timezone": "Asia/Kolkata"
    },
    {
        "name": "Lima",
        "country": "Peru",
        "latitude": -12.0464,
        "longitude": -77.0428,
        "timezone": "America/Lima"
    },
    {
        "name": "Bangkok",
        "country": "Thailand",
        "latitude": 13.7563,
        "longitude": 100.5018,
        "timezone": "Asia/Bangkok"
    },
    {
        "name": "Seoul",
        "country": "South Korea",
        "latitude": 37.5665,
        "longitude": 126.9780,
        "timezone": "Asia/Seoul"
    },
    {
        "name": "Nagoya",
        "country": "Japan",
        "latitude": 35.1815,
        "longitude": 136.9066,
        "timezone": "Asia/Tokyo"
    },
    {
        "name": "Hyderabad",
        "country": "India",
        "latitude": 17.3850,
        "longitude": 78.4867,
        "timezone": "Asia/Kolkata"
    },
    {
        "name": "London",
        "country": "UK",
        "latitude": 51.5074,
        "longitude": -0.1278,
        "timezone": "Europe/London"
    },
    {
        "name": "Tehran",
        "country": "Iran",
        "latitude": 35.6892,
        "longitude": 51.3890,
        "timezone": "Asia/Tehran"
    },
    {
        "name": "Chicago",
        "country": "USA",
        "latitude": 41.8781,
        "longitude": -87.6298,
        "timezone": "America/Chicago"
    },
    {
        "name": "Chengdu",
        "country": "China",
        "latitude": 30.5728,
        "longitude": 104.0668,
        "timezone": "Asia/Shanghai"
    },
    {
        "name": "Nanjing",
        "country": "China",
        "latitude": 32.0603,
        "longitude": 118.7969,
        "timezone": "Asia/Shanghai"
    },
    {
        "name": "Wuhan",
        "country": "China",
        "latitude": 30.5928,
        "longitude": 114.3055,
        "timezone": "Asia/Shanghai"
    },
    {
        "name": "Ho Chi Minh City",
        "country": "Vietnam",
        "latitude": 10.8231,
        "longitude": 106.6297,
        "timezone": "Asia/Ho_Chi_Minh"
    },
    {
        "name": "Luanda",
        "country": "Angola",
        "latitude": -8.8390,
        "longitude": 13.2894,
        "timezone": "Africa/Luanda"
    },
    {
        "name": "Ahmedabad",
        "country": "India",
        "latitude": 23.0225,
        "longitude": 72.5714,
        "timezone": "Asia/Kolkata"
    },
    {
        "name": "Kuala Lumpur",
        "country": "Malaysia",
        "latitude": 3.1390,
        "longitude": 101.6869,
        "timezone": "Asia/Kuala_Lumpur"
    },
    {
        "name": "Xi'an",
        "country": "China",
        "latitude": 34.3416,
        "longitude": 108.9398,
        "timezone": "Asia/Shanghai"
    },
    {
        "name": "Hong Kong",
        "country": "Hong Kong",
        "latitude": 22.3193,
        "longitude": 114.1694,
        "timezone": "Asia/Hong_Kong"
    },
    {
        "name": "Dongguan",
        "country": "China",
        "latitude": 23.0207,
        "longitude": 113.7518,
        "timezone": "Asia/Shanghai"
    },
    {
        "name": "Hangzhou",
        "country": "China",
        "latitude": 30.2741,
        "longitude": 120.1551,
        "timezone": "Asia/Shanghai"
    },
    {
        "name": "Foshan",
        "country": "China",
        "latitude": 23.0215,
        "longitude": 113.1214,
        "timezone": "Asia/Shanghai"
    },
    {
        "name": "Shenyang",
        "country": "China",
        "latitude": 41.8057,
        "longitude": 123.4315,
        "timezone": "Asia/Shanghai"
    },
    {
        "name": "Riyadh",
        "country": "Saudi Arabia",
        "latitude": 24.7136,
        "longitude": 46.6753,
        "timezone": "Asia/Riyadh"
    },
    {
        "name": "Baghdad",
        "country": "Iraq",
        "latitude": 33.3152,
        "longitude": 44.3661,
        "timezone": "Asia/Baghdad"
    },
    {
        "name": "Santiago",
        "country": "Chile",
        "latitude": -33.4489,
        "longitude": -70.6693,
        "timezone": "America/Santiago"
    },
    {
        "name": "Surat",
        "country": "India",
        "latitude": 21.1702,
        "longitude": 72.8311,
        "timezone": "Asia/Kolkata"
    },
    {
        "name": "Madrid",
        "country": "Spain",
        "latitude": 40.4168,
        "longitude": -3.7038,
        "timezone": "Europe/Madrid"
    },
    {
        "name": "Suzhou",
        "country": "China",
        "latitude": 31.2989,
        "longitude": 120.5853,
        "timezone": "Asia/Shanghai"
    },
    {
        "name": "Pune",
        "country": "India",
        "latitude": 18.5204,
        "longitude": 73.8567,
        "timezone": "Asia/Kolkata"
    },
    {
        "name": "Harbin",
        "country": "China",
        "latitude": 45.8038,
        "longitude": 126.5349,
        "timezone": "Asia/Shanghai"
    },
    {
        "name": "Houston",
        "country": "USA",
        "latitude": 29.7604,
        "longitude": -95.3698,
        "timezone": "America/Chicago"
    },
    {
        "name": "Dallas",
        "country": "USA",
        "latitude": 32.7767,
        "longitude": -96.7970,
        "timezone": "America/Chicago"
    },
    {
        "name": "Toronto",
        "country": "Canada",
        "latitude": 43.6510,
        "longitude": -79.3470,
        "timezone": "America/Toronto"
    },
    {
        "name": "Dar es Salaam",
        "country": "Tanzania",
        "latitude": -6.7924,
        "longitude": 39.2083,
        "timezone": "Africa/Dar_es_Salaam"
    },
    {
        "name": "Miami",
        "country": "USA",
        "latitude": 25.7617,
        "longitude": -80.1918,
        "timezone": "America/New_York"
    },
    {
        "name": "Belo Horizonte",
        "country": "Brazil",
        "latitude": -19.9167,
        "longitude": -43.9345,
        "timezone": "America/Sao_Paulo"
    },
    {
        "name": "Singapore",
        "country": "Singapore",
        "latitude": 1.3521,
        "longitude": 103.8198,
        "timezone": "Asia/Singapore"
    },
    {
        "name": "Philadelphia",
        "country": "USA",
        "latitude": 39.9526,
        "longitude": -75.1652,
        "timezone": "America/New_York"
    },
    {
        "name": "Atlanta",
        "country": "USA",
        "latitude": 33.7490,
        "longitude": -84.3880,
        "timezone": "America/New_York"
    },
    {
        "name": "Fukuoka",
        "country": "Japan",
        "latitude": 33.5902,
        "longitude": 130.4017,
        "timezone": "Asia/Tokyo"
    },
    {
        "name": "Khartoum",
        "country": "Sudan",
        "latitude": 15.5007,
        "longitude": 32.5599,
        "timezone": "Africa/Khartoum"
    },
    {
        "name": "Barcelona",
        "country": "Spain",
        "latitude": 41.3851,
        "longitude": 2.1734,
        "timezone": "Europe/Madrid"
    },
    {
        "name": "Johannesburg",
        "country": "South Africa",
        "latitude": -26.2041,
        "longitude": 28.0473,
        "timezone": "Africa/Johannesburg"
    },
    {
        "name": "Saint Petersburg",
        "country": "Russia",
        "latitude": 59.9343,
        "longitude": 30.3351,
        "timezone": "Europe/Moscow"
    },
    {
        "name": "Qingdao",
        "country": "China",
        "latitude": 36.0671,
        "longitude": 120.3826,
        "timezone": "Asia/Shanghai"
    },
    {
        "name": "Dalian",
        "country": "China",
        "latitude": 38.9140,
        "longitude": 121.6147,
        "timezone": "Asia/Shanghai"
    },
    {
        "name": "Washington, D.C.",
        "country": "USA",
        "latitude": 38.9072,
        "longitude": -77.0369,
        "timezone": "America/New_York"
    },
    {
        "name": "Yangon",
        "country": "Myanmar",
        "latitude": 16.8661,
        "longitude": 96.1951,
        "timezone": "Asia/Yangon"
    },
    {
        "name": "Alexandria",
        "country": "Egypt",
        "latitude": 31.2001,
        "longitude": 29.9187,
        "timezone": "Africa/Cairo"
    },
    {
        "name": "Jinan",
        "country": "China",
        "latitude": 36.6512,
        "longitude": 117.1201,
        "timezone": "Asia/Shanghai"
    },
    {
        "name": "Guadalajara",
        "country": "Mexico",
        "latitude": 20.6597,
        "longitude": -103.3496,
        "timezone": "America/Mexico_City"
    },
    {
        "name": "Berlin",
        "country": "Germany",
        "latitude": 52.5200,
        "longitude": 13.4050,
        "timezone": "Europe/Berlin"
    },
    {
        "name": "Sydney",
        "country": "Australia",
        "latitude": -33.8688,
        "longitude": 151.2093,
        "timezone": "Australia/Sydney"
    },
    {
        "name": "Melbourne",
        "country": "Australia",
        "latitude": -37.8136,
        "longitude": 144.9631,
        "timezone": "Australia/Melbourne"
    },
    {
        "name": "Brisbane",
        "country": "Australia",
        "latitude": -27.4698,
        "longitude": 153.0251,
        "timezone": "Australia/Brisbane"
    },
    {
        "name": "Perth",
        "country": "Australia",
        "latitude": -31.9505,
        "longitude": 115.8605,
        "timezone": "Australia/Perth"
    },
    {
        "name": "Adelaide",
        "country": "Australia",
        "latitude": -34.9285,
        "longitude": 138.6007,
        "timezone": "Australia/Adelaide"
    },
    {
        "name": "Auckland",
        "country": "New Zealand",
        "latitude": -36.8485,
        "longitude": 174.7633,
        "timezone": "Pacific/Auckland"
    },
    {
        "name": "Wellington",
        "country": "New Zealand",
        "latitude": -41.2865,
        "longitude": 174.7762,
        "timezone": "Pacific/Auckland"
    },
    {
        "name": "Christchurch",
        "country": "New Zealand",
        "latitude": -43.5321,
        "longitude": 172.6362,
        "timezone": "Pacific/Auckland"
    },
    {
        "name": "Rome",
        "country": "Italy",
        "latitude": 41.9028,
        "longitude": 12.4964,
        "timezone": "Europe/Rome"
    },
    {
        "name": "Milan",
        "country": "Italy",
        "latitude": 45.4642,
        "longitude": 9.1900,
        "timezone": "Europe/Rome"
    },
    {
        "name": "Munich",
        "country": "Germany",
        "latitude": 48.1351,
        "longitude": 11.5820,
        "timezone": "Europe/Berlin"
    },
    {
        "name": "Hamburg",
        "country": "Germany",
        "latitude": 53.5511,
        "longitude": 9.9937,
        "timezone": "Europe/Berlin"
    },
    {
        "name": "Frankfurt",
        "country": "Germany",
        "latitude": 50.1109,
        "longitude": 8.6821,
        "timezone": "Europe/Berlin"
    },
    {
        "name": "Amsterdam",
        "country": "Netherlands",
        "latitude": 52.3676,
        "longitude": 4.9041,
        "timezone": "Europe/Amsterdam"
    },
    {
        "name": "Brussels",
        "country": "Belgium",
        "latitude": 50.8503,
        "longitude": 4.3517,
        "timezone": "Europe/Brussels"
    },
    {
        "name": "Vienna",
        "country": "Austria",
        "latitude": 48.2082,
        "longitude": 16.3738,
        "timezone": "Europe/Vienna"
    },
    {
        "name": "Zurich",
        "country": "Switzerland",
        "latitude": 47.3769,
        "longitude": 8.5417,
        "timezone": "Europe/Zurich"
    },
    {
        "name": "Stockholm",
        "country": "Sweden",
        "latitude": 59.3293,
        "longitude": 18.0686,
        "timezone": "Europe/Stockholm"
    },
    {
        "name": "Oslo",
        "country": "Norway",
        "latitude": 59.9139,
        "longitude": 10.7522,
        "timezone": "Europe/Oslo"
    },
    {
        "name": "Copenhagen",
        "country": "Denmark",
        "latitude": 55.6761,
        "longitude": 12.5683,
        "timezone": "Europe/Copenhagen"
    },
    {
        "name": "Helsinki",
        "country": "Finland",
        "latitude": 60.1699,
        "longitude": 24.9384,
        "timezone": "Europe/Helsinki"
    },
    {
        "name": "Athens",
        "country": "Greece",
        "latitude": 37.9838,
        "longitude": 23.7275,
        "timezone": "Europe/Athens"
    },
    {
        "name": "Lisbon",
        "country": "Portugal",
        "latitude": 38.7223,
        "longitude": -9.1393,
        "timezone": "Europe/Lisbon"
    },
    {
        "name": "Dublin",
        "country": "Ireland",
        "latitude": 53.3498,
        "longitude": -6.2603,
        "timezone": "Europe/Dublin"
    },
    {
        "name": "Prague",
        "country": "Czech Republic",
        "latitude": 50.0755,
        "longitude": 14.4378,
        "timezone": "Europe/Prague"
    },
    {
        "name": "Budapest",
        "country": "Hungary",
        "latitude": 47.4979,
        "longitude": 19.0402,
        "timezone": "Europe/Budapest"
    },
    {
        "name": "Warsaw",
        "country": "Poland",
        "latitude": 52.2297,
        "longitude": 21.0122,
        "timezone": "Europe/Warsaw"
    },
    {
        "name": "Dubai",
        "country": "UAE",
        "latitude": 25.2048,
        "longitude": 55.2708,
        "timezone": "Asia/Dubai"
    },
    {
        "name": "Abu Dhabi",
        "country": "UAE",
        "latitude": 24.4539,
        "longitude": 54.3773,
        "timezone": "Asia/Dubai"
    },
    {
        "name": "Doha",
        "country": "Qatar",
        "latitude": 25.2854,
        "longitude": 51.5310,
        "timezone": "Asia/Qatar"
    },
    {
        "name": "Tel Aviv",
        "country": "Israel",
        "latitude": 32.0853,
        "longitude": 34.7818,
        "timezone": "Asia/Jerusalem"
    },
    {
        "name": "Jerusalem",
        "country": "Israel",
        "latitude": 31.7683,
        "longitude": 35.2137,
        "timezone": "Asia/Jerusalem"
    },
    {
        "name": "Cape Town",
        "country": "South Africa",
        "latitude": -33.9249,
        "longitude": 18.4241,
        "timezone": "Africa/Johannesburg"
    },
    {
        "name": "Nairobi",
        "country": "Kenya",
        "latitude": -1.2921,
        "longitude": 36.8219,
        "timezone": "Africa/Nairobi"
    },
    {
        "name": "Casablanca",
        "country": "Morocco",
        "latitude": 33.5731,
        "longitude": -7.5898,
        "timezone": "Africa/Casablanca"
    },
    {
        "name": "Accra",
        "country": "Ghana",
        "latitude": 5.6037,
        "longitude": -0.1870,
        "timezone": "Africa/Accra"
    },
    {
        "name": "San Francisco",
        "country": "USA",
        "latitude": 37.7749,
        "longitude": -122.4194,
        "timezone": "America/Los_Angeles"
    },
    {
        "name": "Seattle",
        "country": "USA",
        "latitude": 47.6062,
        "longitude": -122.3321,
        "timezone": "America/Los_Angeles"
    },
    {
        "name": "Boston",
        "country": "USA",
        "latitude": 42.3601,
        "longitude": -71.0589,
        "timezone": "America/New_York"
    },
    {
        "name": "Denver",
        "country": "USA",
        "latitude": 39.7392,
        "longitude": -104.9903,
        "timezone": "America/Denver"
    },
    {
        "name": "Phoenix",
        "country": "USA",
        "latitude": 33.4484,
        "longitude": -112.0740,
        "timezone": "America/Phoenix"
    },
    {
        "name": "Vancouver",
        "country": "Canada",
        "latitude": 49.2827,
        "longitude": -123.1207,
        "timezone": "America/Vancouver"
    },
    {
        "name": "Montreal",
        "country": "Canada",
        "latitude": 45.5017,
        "longitude": -73.5673,
        "timezone": "America/Toronto"
    }
]